<FilesManifest><Version>1.1</Version><Path>\\?\UNC\fs01\ZN_Migration\Transitions CoE\Tools &amp; Templates</Path><IndexInPlace>0</IndexInPlace><FileRemoved>0</FileRemoved><File LastWriteTime="20200403 13:15:41.000" DocID="00000000BDD9CC7F9AF294CC6B1BE742777D17D2C4A19D2100">Process Complexity Calculator.xlsx</File><File LastWriteTime="20200409 09:18:48.000" DocID="000000006C47F1B5C34B81B4ADE5A979001117F18B8AA7C300">9.3 Create Information Security deployment plan.pptx</File><File LastWriteTime="20200330 10:32:18.000" DocID="000000002DEA90E2931629BAA72AC860C59A359099A64FAE00">9.5 Deploy Information Security Violation Reporting Process.xlsx</File><File LastWriteTime="20200330 12:36:28.000" DocID="00000000A3D718CB64E4F6885AEFAE3A513D795A6FB6BEC400">9.7 Report out on Cyber Risk Assessment.xlsx</File><File LastWriteTime="20200211 17:57:54.000" DocID="0000000050059DF55747AFCF4DCD41BA2F0B1AAC77352CDE00">Format for Go Email.msg</File><File LastWriteTime="20200211 17:57:55.000" DocID="0000000091D868DAF235C47A0414ED0C842F2744E28CCD1300">Format for NoGo Email.msg</File><File LastWriteTime="20200403 13:07:41.000" DocID="00000000B032E200EEBCACE5759CD87107F8E66FF60DAEC900">Migration Readiness Assessment_Akash.xls</File><File LastWriteTime="20200410 13:56:53.000" DocID="000000000B26E0B50F523C10B03E306FF4B36673DCFB3BCD00">1.1 Understand MSA Requirements.xlsx</File><File LastWriteTime="20200403 12:19:17.000" DocID="0000000082BC5E7A0425702CD5FEBEC8C5740524989D501900">1.4 Develop and obtain signoff from legal compliance on deployment plan.xlsx</File><File LastWriteTime="20200403 12:21:22.000" DocID="000000008D301673367C7311F3A2E89061440D497A8DDAAC00">2.1 Conduct Project Kick-Off Meeting.pptx</File><File LastWriteTime="20200326 11:20:59.000" DocID="000000000B4A59AEB6506C2E9EF043E4CD4C5C6ACC84AD6600">2.3 Setup SMARTrack.xlsx</File><File LastWriteTime="20200326 11:23:50.000" DocID="000000005A8CD72F033436E369888F7E77A30ECEB7948F8F00">2.6 Create Escalation Matrix.xlsx</File><File LastWriteTime="20200403 12:31:08.000" DocID="00000000415340FBCB316596EF38727C86215336EB9B4F3B00">2.8 Create RAID log.xlsx</File><File LastWriteTime="20200409 14:26:02.000" DocID="00000000C0F863AD2A57D1B6C1893DFAD0F2CA7674AF11FD00">2.9 Prepare Transition Costs.xlsx</File><File LastWriteTime="20200330 06:56:00.000" DocID="00000000BAC81F52594E6A7031B3914E3AD1A1E1CF4272B000">2.10 Report Pricing vs Plan Variations.xlsx</File><File LastWriteTime="20200410 10:12:45.000" DocID="00000000F2B3001D4B3A1148D6B030C52637DAF5C243812E00">2.18.1 Document Transition Learnings.xlsx</File><File LastWriteTime="20200409 14:33:00.000" DocID="00000000109F8FBCF767DCA0F2BEBB9296E879F74E82CD4E00">2.18.2 Revoke all Accesses for Transitions Team_Akash.xlsb</File><File LastWriteTime="20200409 14:38:52.000" DocID="00000000600073D495BC8BEBD87DF987F18A28596E4916E300">3.1_Conduct As Is Documentation Assessment.xlsx</File><File LastWriteTime="20200409 16:36:46.000" DocID="00000000501EC20060D0E5F4A5C3836D18D3A024F74881AE00">3.4 Check EXL and Client SMEs Availability.xlsx</File><File LastWriteTime="20200410 13:58:06.000" DocID="000000004DA0A1CADA0317146567FCE2F2F8F030DE8C3C6F00">3.5.2 Conduct Pre-Process Training.xlsx</File><File LastWriteTime="20200420 16:13:17.000" DocID="00000000024AAB652B6605F50A2AABCA7FCC21FE7A29E21800">4.1.1 Conduct Process Understanding  Demos.xls</File><File LastWriteTime="20200326 08:58:14.000" DocID="0000000069284AB9A768E654D32989AFF9F917028D616F5E00">4.1.6 Understand Current Reports and Formats.xlsx</File><File LastWriteTime="20200402 13:26:22.000" DocID="00000000A5AB0EFB14CDC87534F3B6D4B306A2F1E893088800">4.2.2 Agree Shift Design.xlsx</File><File LastWriteTime="20200331 09:03:35.000" DocID="000000002569EFF936F757737F865137548BC809AFBEB8DF00">4.2.3 Agree on Quality Plan for Parallel Run.xlsx</File><File LastWriteTime="20200403 15:08:09.000" DocID="00000000D50AEC792DE0D8362EE3387BCC1D64FDB8C7E33900">Format for NoGo Email.zip</File><File LastWriteTime="20200402 11:24:52.000" DocID="0000000034157EFBD41790D89F6F68DF814B0BCA7576149000">4.2.6 Create Data collection plan to report on SLAs.xlsx</File><File LastWriteTime="20200327 11:03:26.000" DocID="000000000E93F422F0AF7C7A25590A0122FD186CB6C5812500">4.2.7 Agree Approach to Targets Baseline.docx</File><File LastWriteTime="20200331 09:02:25.000" DocID="00000000888CEE4D5ADF040C677C38CC4EC6C2CCB2FA2B1400">4.2.9 Finalize Volume Ramp up Plan.xlsx</File><File LastWriteTime="20200402 14:24:29.000" DocID="000000009C692440EC049105C77E3D3FF41EF8DDDD10F00300">4.2.10 Finalize Quality Monitoring Plan.xlsx</File><File LastWriteTime="20200402 14:28:55.000" DocID="00000000F584328A980E04C12B58FCDAB183AB77D0E3EA6700">4.2.11 P4P Finalization (Performance Management).xlsx</File><File LastWriteTime="20200402 14:59:46.000" DocID="000000002800297C1B1F2C9ABDF0F9497EC0B6525A27698C00">4.4 Measure and report on SLAs.xlsx</File><File LastWriteTime="20200330 06:56:00.000" DocID="00000000BC5910019545738A19841EF46DD5B49CD0681AAB00">5.1.1 Finalize Skill Sets and Job Descriptions.xlsb</File><File LastWriteTime="20200403 13:01:15.000" DocID="000000005BEAFFFF640A71E06F8B7035F5B543F8D259CA3300">5.1.2 Understand Staffing Requirements (Including Leadership and Support Staff).xlsx</File><File LastWriteTime="20200423 12:41:05.000" DocID="00000000ABAFE2A5C955CDE57FE9602CB6226ED60A01AAAD00">5.1.3 Understand Background Check Requirements.xlsx</File><File LastWriteTime="20200403 10:12:18.000" DocID="00000000B8ED677726D1B3310280556D246F3F0D01A35E2400">5.2 Design To Be Organization Structure.xlsx</File><File LastWriteTime="20200402 17:28:21.000" DocID="000000004F440826B71A7DB328B66907E900DC0E0C6B447300">5.2.2 Finalize Hiring and Seeding plan.xlsx</File><File LastWriteTime="20200402 15:46:14.000" DocID="000000003E379E1A5168E3A8A095E7EE1116AF4D22BB28FB00">5.3.3 Conduct Background Checks.xlsx</File><File LastWriteTime="20200402 16:17:36.000" DocID="0000000097CC37D738DA41B6C8689CB967C6A0BA1B844DB000">6.1 Understand Contractual Commitments on Value Delivery.xlsx</File><File LastWriteTime="20200402 15:03:23.000" DocID="000000001329C528B392945E552C2C51D9A39C0BD332436700">6.4 Identify 'Quick Wins' if any in the Process.xlsx</File><File LastWriteTime="20200402 16:18:06.000" DocID="000000001DB56D4ECAD5B74031F5B3EDE105AF518EBEB03600">6.7 Develop Project Plans for 'Within Transition' Scope.xlsx</File><File LastWriteTime="20200402 17:30:38.000" DocID="000000009602362944F08348D36D20A61E1E8C420C3E5B4000">7.1_Gather and Finalize Technology and Telecom Requirements.xlsx</File><File LastWriteTime="20200330 11:54:07.000" DocID="000000001DC7553BBC64D3071F8963D0CEE6B1635CBAE26000">8.1 Gather Seats Requirements and Training Logistics.xlsx</File><File LastWriteTime="20200330 12:17:54.000" DocID="0000000048AEC4CA7B8E1E8A55275C9CA1C427F32BB801CD00">8.3 Facility Development Plan.xlsx</File><File LastWriteTime="20200402 17:40:20.000" DocID="00000000461F1C401B9508B2034C3CB905A09C9B59C6FA4B00">8.4 Inspection of facility setup.xlsx</File><File LastWriteTime="20200403 12:17:00.000" DocID="000000006D0F35F2C7294B91ED2FA7975007A1FC2B3B373400">4.2.5 Agree on SLAs  Metrics_Akash.xlsx</File><File LastWriteTime="20200403 16:41:54.000" DocID="00000000C67B4123E714D79F4A9DB6D7C593CAF97D7C462B00">4.1.7 Conduct FTEs Validation.xlsb</File><File LastWriteTime="20200406 16:15:54.000" DocID="00000000ED633DE2F827102414DB3B0E70F32FCCC79810A500">Time_And_Motion_Akash.xlsb</File><File LastWriteTime="20200407 04:46:45.000" DocID="00000000268D32966E941DC60469BD0781604FAF194401A300">Thumbs.db</File><File LastWriteTime="20200406 16:12:31.000" DocID="00000000B4ECC641AC9E159F69A92697490BB7C26572B7B900">~$Time_And_Motion_Akash.xlsb</File><File LastWriteTime="20200407 11:19:12.000" DocID="00000000CD70BBA0D3DFDA8A37337DF5DAC88E82AEDC816D00">7.3 Test Connectivity and Telecom Equipment.xlsx</File><File LastWriteTime="20200423 12:41:18.000" DocID="000000006045B5D2FCCA68FE206CBCC0FC94AB094830B39000">7.5 Validate Latency.xlsx</File><File LastWriteTime="20200409 14:58:28.000" DocID="00000000033855B8F55473CAB06ECE2225A9363FC1F21FF300">3.7_ Knowledge Transfer.xlsx</File><File LastWriteTime="20200330 06:56:00.000" DocID="0000000037629004B0EDB1266E6ECB77F0DA20748803751200">2.2 Create Project Team.xlsx</File><File LastWriteTime="20200409 09:18:48.000" DocID="00000000964ECC5CA7076C6A632D2639C091C79C47ED933600">9.3 Create Information Security deployment plan - Copy.pptx</File><File LastWriteTime="20200409 14:36:36.000" DocID="0000000027CCE09774562ADA19847EEFE2CB9BE360CBBE0D00">~$2.18.1 Document Transition Learnings.xlsx</File><File LastWriteTime="20200330 06:56:00.000" DocID="00000000D346DFB427910AFEF2F9152FAB123644835D0E5E00">4.2.4 Draft FMEA  PASProcess Controls.xlsx</File><File LastWriteTime="20200416 10:02:01.000" DocID="0000000013A1BDB64AEB1F624374A2C7168434924568817400">7.4_Test User Profile and Application Accesses.xlsx</File><File LastWriteTime="20200410 18:04:22.000" DocID="00000000791C40C0D0580A244548B68ED7B1B1F09AB5FF3700">Akash - Formatting.zip</File><File LastWriteTime="20200410 14:02:26.000" DocID="00000000DD66475A08925F5BE11E9977A8363134678947C000">~$7.5 Validate Latency.xlsx</File><File LastWriteTime="20200410 10:17:44.000" DocID="0000000033E2956A16EC7DB76870233653A3F75D6053F71100">~$2.18.3 Complete Handover to Business_Akash.xlsb</File><File LastWriteTime="20200410 07:14:54.000" DocID="000000000FCE11CC4A49245CEC9F34C116F0EF0499BECC5800">4.3 Conduct Ramp Go  No-Go.xlsb</File><File LastWriteTime="20200410 13:57:26.000" DocID="000000003FC9DD3D04D722897AC903E6E40BF64FA5F92A7400">3.2 Create Documentation Plan.xlsx</File><File LastWriteTime="20200410 07:14:54.000" DocID="0000000049CED919B922302656C79A9D7C80551034AD90CE00">2.11 Conduct Solution Design Go  No Go.xlsb</File><File LastWriteTime="20200410 14:58:57.000" DocID="000000002AECF4DE5124CD7D0902AE3C98BCE057379B626800">~$1.4 Develop and obtain signoff from legal compliance on deployment plan.xlsx</File><File LastWriteTime="20200410 07:14:54.000" DocID="000000003D08EC9B948DCAA626B0DADA0EF1C260E7CE742A00">3.8 Conduct Process Training Go  No-Go.xlsb</File><File LastWriteTime="20200410 07:14:54.000" DocID="000000000783A7689E18D40907D0D5BD5540C12CD5AD96D500">2.5 Conduct Due Diligence.xlsb</File><File LastWriteTime="20200410 10:35:25.000" DocID="000000001E3C30C17A17AFE3FC2C2AF9AA379F8C9B13A62D00">2.18.3 Complete Handover to Business.xlsb</File><File LastWriteTime="20200410 07:14:54.000" DocID="00000000B598EB03EC7EB2489A03BA060AF19275F4E4757000">2.17 Conduct Steady State Go  No-Go.xlsb</File><File LastWriteTime="20200423 10:39:00.000" DocID="00000000CFEAA18C58BF3DA3F3FB6C081E95C385E53215B000">~$5.1.2 Understand Staffing Requirements (Including Leadership and Support Staff).xlsx</File><File LastWriteTime="20200428 11:48:18.000" DocID="0000000035B034026BC6318113F4C72B25395CFF1DE1401400">Transitions Resource Alignment Form.xlsx</File></FilesManifest>
